{
  "parent": "minecraft:item/generated",
  "textures": {
    "layer0": "minecraft:item/ender_eye"
  },
  "overrides":[
      {
          "predicate":{
              "custom_model_data":1
          },
          "model":"bedwars:fireball"
      },
      { "predicate": { "custom_model_data": 5}, "model": "item/wooden_sword" },
      { "predicate": { "custom_model_data": 6}, "model": "item/stone_sword" },
      { "predicate": { "custom_model_data": 7}, "model": "item/iron_sword" },
      { "predicate": { "custom_model_data": 8}, "model": "item/diamond_sword" },
      { "predicate": { "custom_model_data": 10}, "model": "item/weapon/blocking_w" },
      { "predicate": { "custom_model_data": 11}, "model": "item/weapon/blocking_s" },
      { "predicate": { "custom_model_data": 12}, "model": "item/weapon/blocking_i" },
      { "predicate": { "custom_model_data": 13}, "model": "item/weapon/blocking_d" },
      { "predicate": { "custom_model_data": 20}, "model": "bedwars:lucky_bag" },
      { "predicate": { "custom_model_data": 21}, "model": "bedwars:lantern" },
      { "predicate": { "custom_model_data": 22}, "model": "block/blast_furnace" }
      
  ]
}